{"result": [{"trainset_acc_list": [16.40515712430056, 39.85296138089528, 50.20577288169464, 56.266627323141485, 60.720720298760995, 64.09263214428458, 66.906240632494, 69.37949640287769, 71.58694919064749, 73.58394534372502, 75.45869554356514, 77.253900004996, 78.89235486610711, 80.39318545163869, 81.8328149980016, 83.11538269384492, 84.30653914368506, 85.47419876598721, 86.38261265987211, 87.33076039168665, 88.16001885991207, 88.87390087929656, 89.45320306254996, 90.17239333533173, 90.68815260291767], "testset_acc_list": [27.082, 39.826, 46.924, 50.162, 53.216, 54.82, 56.052, 56.886, 56.954, 57.468, 58.336, 58.366, 58.106, 58.382, 57.742, 58.012, 57.794, 57.446, 58.144, 57.15, 57.526, 57.4, 57.436, 57.512, 57.664], "best_testset_acc": 58.382}]}