{"result": [{"trainset_acc_list": [17.557984862110313, 40.19534372501998, 49.714525254796165, 55.212860961231016, 59.10162495003997, 62.16760966227018, 64.73836555755396, 66.92973746003197, 68.94047262190247, 70.77884567346123, 72.45984462430056, 74.02398393784972, 75.54924810151878, 76.89215814848122, 78.27175759392486, 79.52528602118305, 80.70278152478018, 81.80908398281375, 82.81577862709833, 83.7376973421263, 84.71324502897681, 85.51291779076739, 86.30923386290968, 87.00594212130295, 87.64059065247801], "testset_acc_list": [26.412, 40.472, 45.208, 47.808, 50.982, 52.488, 54.178, 54.368, 54.922, 55.586, 56.292, 55.326, 55.622, 56.002, 55.77, 55.416, 55.278, 54.266, 53.596, 54.344, 54.908, 54.274, 54.438, 54.366, 54.106], "best_testset_acc": 56.292}]}