{"result": [{"trainset_acc_list": [21.547293415267784, 47.66194856614708, 57.736389013788965, 63.23113384292566, 66.93762177757793, 69.70205085931255, 72.01496615207834, 73.91664793165468, 75.66158011091127, 77.06826726119105, 78.40735224320544, 79.70006807054357, 80.8091807803757, 81.84140187849721, 82.80266411870504, 83.72294352018385, 84.57569881594725, 85.44953100019984, 86.17082896183054, 86.91617018884892, 87.55386315947243, 88.2010016986411, 88.77101443844924, 89.30511840527578, 89.90198466227018], "testset_acc_list": [34.23, 48.16, 53.688, 56.588, 59.55, 60.408, 61.988, 63.342, 63.886, 64.484, 64.876, 65.656, 65.284, 65.976, 66.272, 66.824, 66.794, 67.32, 66.978, 66.772, 66.318, 67.242, 67.146, 67.148, 67.666], "best_testset_acc": 67.666}]}