{"result": [{"trainset_acc_list": [19.882219224620304, 49.284712854716226, 60.7947235961231, 66.72763351818546, 70.71998651079137, 73.7335912519984, 76.03315784872102, 78.32281050159872, 80.09006857014388, 81.74858550659472, 83.14637352617906, 84.53089091227018, 85.74226556254996, 86.83404838629097, 87.87025067446044, 88.80770383693046, 89.65054518884892, 90.44506582234213, 91.17143784972022, 91.85432903677058, 92.44690185351719, 92.98607988609113, 93.47724945043964, 93.99417965627498, 94.39104966027178], "testset_acc_list": [34.706, 49.712, 54.836, 61.146, 62.834, 64.896, 65.856, 65.996, 67.506, 68.216, 68.67, 69.442, 69.14, 69.748, 69.532, 69.81, 69.75, 70.3, 70.36, 70.514, 69.506, 70.464, 70.762, 70.736, 70.45], "best_testset_acc": 70.762}]}