{"result": [{"trainset_acc_list": [15.33296800059952, 41.711396507793765, 53.772841102118306, 60.57123051558753, 65.29862047861711, 69.05280463129496, 72.25227630395683, 75.06978791966426, 77.69729528876898, 80.14611748101518, 82.41656674660271, 84.54720598521183, 86.39838129496403, 88.01888176958433, 89.47482638888889, 90.66410933752998, 91.69562787270183, 92.52199802657874, 93.22331197541966, 93.83063861410871, 94.30346347921663, 94.75115220323741, 95.10852255695444, 95.39212380095923, 95.69594324540368], "testset_acc_list": [26.844, 41.468, 50.688, 53.688, 57.578, 57.378, 59.752, 58.898, 61.886, 61.112, 61.518, 61.518, 62.01, 61.622, 60.536, 60.988, 61.768, 61.346, 61.012, 61.614, 60.94, 61.176, 61.468, 61.16, 61.162], "best_testset_acc": 62.01}]}